{
  "spec/chef/recipes/config_spec.rb": 27.256191730499268,
  "spec/chef/recipes/gitlab-rails_spec.rb": 496.9649829864502,
  "spec/chef/recipes/logrotate_folders_and_configs_spec.rb": 47.80869174003601,
  "spec/chef/recipes/nginx_spec.rb": 107.32298541069031,
  "spec/chef/recipes/redis_spec.rb": 22.79342031478882,
  "spec/chef/recipes/ssh_keys_spec.rb": 0.6954700946807861,
  "spec/gitlab/package_repository_spec.rb": 0.15547466278076172,
  "spec/libraries/redis_helper_spec.rb": 13.79965090751648,
  "spec/libraries/sentinel_helper_spec.rb": 9.729448556900024
}