{
  "spec/chef/recipes/database_migrations_spec.rb": 9.50530481338501,
  "spec/chef/recipes/gitlab-shell_spec.rb": 133.7354371547699,
  "spec/chef/recipes/logrotate_spec.rb": 44.2886643409729,
  "spec/chef/recipes/postgresql_spec.rb": 64.75186800956726,
  "spec/chef/recipes/registry_spec.rb": 82.64826846122742,
  "spec/chef/secrets_spec.rb": 148.04834151268005,
  "spec/gitlab/version_spec.rb": 0.036396026611328125,
  "spec/libraries/redis_spec.rb": 22.691920042037964,
  "spec/libraries/ssh_keygen_spec.rb": 0.03404521942138672
}