{
  "spec/chef/recipes/add_trusted_certs_spec.rb": 14.396904230117798,
  "spec/chef/recipes/default_spec.rb": 21.99879217147827,
  "spec/chef/recipes/gitlab-workhorse_spec.rb": 44.557013273239136,
  "spec/chef/recipes/mattermost_spec.rb": 39.795899868011475,
  "spec/chef/recipes/rake-attack_spec.rb": 48.60193586349487,
  "spec/chef/recipes/sidekiq_spec.rb": 11.53033185005188,
  "spec/gitlab/build_iteration_spec.rb": 0.02516937255859375,
  "spec/libraries/helper_spec.rb": 58.43355941772461,
  "spec/libraries/redis_uri_spec.rb": 0.057599544525146484,
  "spec/libraries/storage_directory_helper_spec.rb": 0.08880019187927246,
  "spec/chef/recipes/database_migrations_spec.rb": 9.50530481338501,
  "spec/chef/recipes/gitlab-shell_spec.rb": 133.7354371547699,
  "spec/chef/recipes/logrotate_spec.rb": 44.2886643409729,
  "spec/chef/recipes/postgresql_spec.rb": 64.75186800956726,
  "spec/chef/recipes/registry_spec.rb": 82.64826846122742,
  "spec/chef/secrets_spec.rb": 148.04834151268005,
  "spec/gitlab/version_spec.rb": 0.036396026611328125,
  "spec/libraries/redis_spec.rb": 22.691920042037964,
  "spec/libraries/ssh_keygen_spec.rb": 0.03404521942138672,
  "spec/chef/recipes/config_spec.rb": 27.256191730499268,
  "spec/chef/recipes/gitlab-rails_spec.rb": 496.9649829864502,
  "spec/chef/recipes/logrotate_folders_and_configs_spec.rb": 47.80869174003601,
  "spec/chef/recipes/nginx_spec.rb": 107.32298541069031,
  "spec/chef/recipes/redis_spec.rb": 22.79342031478882,
  "spec/chef/recipes/ssh_keys_spec.rb": 0.6954700946807861,
  "spec/gitlab/package_repository_spec.rb": 0.15547466278076172,
  "spec/libraries/redis_helper_spec.rb": 13.79965090751648,
  "spec/libraries/sentinel_helper_spec.rb": 9.729448556900024
}