{
  "spec/chef/recipes/add_trusted_certs_spec.rb": 14.556627750396729,
  "spec/chef/recipes/default_spec.rb": 26.765236139297485,
  "spec/chef/recipes/gitlab-workhorse_spec.rb": 37.581573724746704,
  "spec/chef/recipes/mattermost_spec.rb": 34.461742877960205,
  "spec/chef/recipes/rake-attack_spec.rb": 43.14634656906128,
  "spec/chef/recipes/sidekiq_spec.rb": 10.969930171966553,
  "spec/gitlab/build_iteration_spec.rb": 0.023555517196655273,
  "spec/libraries/helper_spec.rb": 54.88216710090637,
  "spec/libraries/redis_uri_spec.rb": 0.0435795783996582,
  "spec/libraries/storage_directory_helper_spec.rb": 0.05648684501647949
}