{
  "spec/chef/recipes/database_migrations_spec.rb": 14.361135959625244,
  "spec/chef/recipes/gitlab-shell_spec.rb": 122.558034658432,
  "spec/chef/recipes/logrotate_spec.rb": 45.48206877708435,
  "spec/chef/recipes/postgresql_spec.rb": 64.6259536743164,
  "spec/chef/recipes/registry_spec.rb": 78.44308829307556,
  "spec/chef/secrets_spec.rb": 159.32602643966675,
  "spec/gitlab/version_spec.rb": 0.0389554500579834,
  "spec/libraries/redis_spec.rb": 25.938600301742554,
  "spec/libraries/ssh_keygen_spec.rb": 0.03719305992126465
}