{
  "spec/chef/recipes/add_trusted_certs_spec.rb": 14.396904230117798,
  "spec/chef/recipes/default_spec.rb": 21.99879217147827,
  "spec/chef/recipes/gitlab-workhorse_spec.rb": 44.557013273239136,
  "spec/chef/recipes/mattermost_spec.rb": 39.795899868011475,
  "spec/chef/recipes/rake-attack_spec.rb": 48.60193586349487,
  "spec/chef/recipes/sidekiq_spec.rb": 11.53033185005188,
  "spec/gitlab/build_iteration_spec.rb": 0.02516937255859375,
  "spec/libraries/helper_spec.rb": 58.43355941772461,
  "spec/libraries/redis_uri_spec.rb": 0.057599544525146484,
  "spec/libraries/storage_directory_helper_spec.rb": 0.08880019187927246
}