{
  "spec/chef/recipes/config_spec.rb": 23.878670930862427,
  "spec/chef/recipes/gitlab-rails_spec.rb": 294.37309741973877,
  "spec/chef/recipes/logrotate_folders_and_configs_spec.rb": 31.495644330978394,
  "spec/chef/recipes/nginx_spec.rb": 59.924577474594116,
  "spec/chef/recipes/redis_spec.rb": 12.848760604858398,
  "spec/chef/recipes/ssh_keys_spec.rb": 0.19420218467712402,
  "spec/gitlab/package_repository_spec.rb": 0.23434853553771973,
  "spec/libraries/redis_helper_spec.rb": 6.751072406768799,
  "spec/libraries/sentinel_helper_spec.rb": 6.949899911880493
}