{
  "spec/chef/recipes/add_trusted_certs_spec.rb": 14.556627750396729,
  "spec/chef/recipes/default_spec.rb": 26.765236139297485,
  "spec/chef/recipes/gitlab-workhorse_spec.rb": 37.581573724746704,
  "spec/chef/recipes/mattermost_spec.rb": 34.461742877960205,
  "spec/chef/recipes/rake-attack_spec.rb": 43.14634656906128,
  "spec/chef/recipes/sidekiq_spec.rb": 10.969930171966553,
  "spec/gitlab/build_iteration_spec.rb": 0.023555517196655273,
  "spec/libraries/helper_spec.rb": 54.88216710090637,
  "spec/libraries/redis_uri_spec.rb": 0.0435795783996582,
  "spec/libraries/storage_directory_helper_spec.rb": 0.05648684501647949,
  "spec/chef/recipes/database_migrations_spec.rb": 14.361135959625244,
  "spec/chef/recipes/gitlab-shell_spec.rb": 122.558034658432,
  "spec/chef/recipes/logrotate_spec.rb": 45.48206877708435,
  "spec/chef/recipes/postgresql_spec.rb": 64.6259536743164,
  "spec/chef/recipes/registry_spec.rb": 78.44308829307556,
  "spec/chef/secrets_spec.rb": 159.32602643966675,
  "spec/gitlab/version_spec.rb": 0.0389554500579834,
  "spec/libraries/redis_spec.rb": 25.938600301742554,
  "spec/libraries/ssh_keygen_spec.rb": 0.03719305992126465,
  "spec/chef/recipes/config_spec.rb": 23.878670930862427,
  "spec/chef/recipes/gitlab-rails_spec.rb": 294.37309741973877,
  "spec/chef/recipes/logrotate_folders_and_configs_spec.rb": 31.495644330978394,
  "spec/chef/recipes/nginx_spec.rb": 59.924577474594116,
  "spec/chef/recipes/redis_spec.rb": 12.848760604858398,
  "spec/chef/recipes/ssh_keys_spec.rb": 0.19420218467712402,
  "spec/gitlab/package_repository_spec.rb": 0.23434853553771973,
  "spec/libraries/redis_helper_spec.rb": 6.751072406768799,
  "spec/libraries/sentinel_helper_spec.rb": 6.949899911880493
}