{
  "spec/chef/recipes/config_spec.rb": 28.97080898284912,
  "spec/chef/recipes/gitlab-rails_spec.rb": 406.88150930404663,
  "spec/chef/recipes/logrotate_folders_and_configs_spec.rb": 38.791574239730835,
  "spec/chef/recipes/nginx_spec.rb": 94.2694501876831,
  "spec/chef/recipes/redis_spec.rb": 17.79770541191101,
  "spec/chef/recipes/ssh_keys_spec.rb": 0.3785388469696045,
  "spec/gitlab/package_repository_spec.rb": 0.1679682731628418,
  "spec/libraries/redis_helper_spec.rb": 15.25348711013794,
  "spec/libraries/sentinel_helper_spec.rb": 7.147883653640747
}