{
  "spec/chef/recipes/database_migrations_spec.rb": 24.20837378501892,
  "spec/chef/recipes/gitlab-shell_spec.rb": 185.31429624557495,
  "spec/chef/recipes/logrotate_spec.rb": 55.662617206573486,
  "spec/chef/recipes/postgresql_spec.rb": 91.72840404510498,
  "spec/chef/recipes/registry_spec.rb": 111.53210830688477,
  "spec/chef/secrets_spec.rb": 176.0627624988556,
  "spec/gitlab/version_spec.rb": 0.0366513729095459,
  "spec/libraries/redis_spec.rb": 41.56643867492676,
  "spec/libraries/ssh_keygen_spec.rb": 0.03343772888183594
}