{
  "spec/chef/recipes/database_migrations_spec.rb": 13.402377367019653,
  "spec/chef/recipes/gitlab-shell_spec.rb": 158.8559501171112,
  "spec/chef/recipes/logrotate_spec.rb": 67.4416606426239,
  "spec/chef/recipes/postgresql_spec.rb": 87.37955617904663,
  "spec/chef/recipes/registry_spec.rb": 107.67657852172852,
  "spec/chef/secrets_spec.rb": 190.33917260169983,
  "spec/gitlab/version_spec.rb": 0.037151336669921875,
  "spec/libraries/redis_spec.rb": 27.730939388275146,
  "spec/libraries/ssh_keygen_spec.rb": 0.0366978645324707
}