{
  "spec/chef/recipes/add_trusted_certs_spec.rb": 15.014217138290405,
  "spec/chef/recipes/default_spec.rb": 25.797874212265015,
  "spec/chef/recipes/gitlab-workhorse_spec.rb": 47.07866048812866,
  "spec/chef/recipes/mattermost_spec.rb": 39.60314607620239,
  "spec/chef/recipes/rake-attack_spec.rb": 52.66459655761719,
  "spec/chef/recipes/sidekiq_spec.rb": 12.243820905685425,
  "spec/gitlab/build_iteration_spec.rb": 0.12339901924133301,
  "spec/libraries/helper_spec.rb": 64.0128448009491,
  "spec/libraries/redis_uri_spec.rb": 0.0715932846069336,
  "spec/libraries/storage_directory_helper_spec.rb": 0.08165669441223145,
  "spec/chef/recipes/database_migrations_spec.rb": 13.402377367019653,
  "spec/chef/recipes/gitlab-shell_spec.rb": 158.8559501171112,
  "spec/chef/recipes/logrotate_spec.rb": 67.4416606426239,
  "spec/chef/recipes/postgresql_spec.rb": 87.37955617904663,
  "spec/chef/recipes/registry_spec.rb": 107.67657852172852,
  "spec/chef/secrets_spec.rb": 190.33917260169983,
  "spec/gitlab/version_spec.rb": 0.037151336669921875,
  "spec/libraries/redis_spec.rb": 27.730939388275146,
  "spec/libraries/ssh_keygen_spec.rb": 0.0366978645324707,
  "spec/chef/recipes/config_spec.rb": 28.97080898284912,
  "spec/chef/recipes/gitlab-rails_spec.rb": 406.88150930404663,
  "spec/chef/recipes/logrotate_folders_and_configs_spec.rb": 38.791574239730835,
  "spec/chef/recipes/nginx_spec.rb": 94.2694501876831,
  "spec/chef/recipes/redis_spec.rb": 17.79770541191101,
  "spec/chef/recipes/ssh_keys_spec.rb": 0.3785388469696045,
  "spec/gitlab/package_repository_spec.rb": 0.1679682731628418,
  "spec/libraries/redis_helper_spec.rb": 15.25348711013794,
  "spec/libraries/sentinel_helper_spec.rb": 7.147883653640747
}