{
  "spec/chef/recipes/add_trusted_certs_spec.rb": 12.967918157577515,
  "spec/chef/recipes/default_spec.rb": 19.385138511657715,
  "spec/chef/recipes/gitlab-workhorse_spec.rb": 43.71766138076782,
  "spec/chef/recipes/mattermost_spec.rb": 38.23106145858765,
  "spec/chef/recipes/rake-attack_spec.rb": 43.20755362510681,
  "spec/chef/recipes/sidekiq_spec.rb": 9.69864010810852,
  "spec/gitlab/build_iteration_spec.rb": 0.024602651596069336,
  "spec/libraries/helper_spec.rb": 60.40904402732849,
  "spec/libraries/redis_uri_spec.rb": 0.04739260673522949,
  "spec/libraries/storage_directory_helper_spec.rb": 0.0556941032409668
}