{
  "spec/chef/recipes/database_migrations_spec.rb": 24.20837378501892,
  "spec/chef/recipes/gitlab-shell_spec.rb": 185.31429624557495,
  "spec/chef/recipes/logrotate_spec.rb": 55.662617206573486,
  "spec/chef/recipes/postgresql_spec.rb": 91.72840404510498,
  "spec/chef/recipes/registry_spec.rb": 111.53210830688477,
  "spec/chef/secrets_spec.rb": 176.0627624988556,
  "spec/gitlab/version_spec.rb": 0.0366513729095459,
  "spec/libraries/redis_spec.rb": 41.56643867492676,
  "spec/libraries/ssh_keygen_spec.rb": 0.03343772888183594,
  "spec/chef/recipes/add_trusted_certs_spec.rb": 12.967918157577515,
  "spec/chef/recipes/default_spec.rb": 19.385138511657715,
  "spec/chef/recipes/gitlab-workhorse_spec.rb": 43.71766138076782,
  "spec/chef/recipes/mattermost_spec.rb": 38.23106145858765,
  "spec/chef/recipes/rake-attack_spec.rb": 43.20755362510681,
  "spec/chef/recipes/sidekiq_spec.rb": 9.69864010810852,
  "spec/gitlab/build_iteration_spec.rb": 0.024602651596069336,
  "spec/libraries/helper_spec.rb": 60.40904402732849,
  "spec/libraries/redis_uri_spec.rb": 0.04739260673522949,
  "spec/libraries/storage_directory_helper_spec.rb": 0.0556941032409668,
  "spec/chef/recipes/config_spec.rb": 33.08198881149292,
  "spec/chef/recipes/gitlab-rails_spec.rb": 469.34673738479614,
  "spec/chef/recipes/logrotate_folders_and_configs_spec.rb": 46.976298809051514,
  "spec/chef/recipes/nginx_spec.rb": 96.51494979858398,
  "spec/chef/recipes/redis_spec.rb": 18.689066648483276,
  "spec/chef/recipes/ssh_keys_spec.rb": 0.2772367000579834,
  "spec/gitlab/package_repository_spec.rb": 0.24581193923950195,
  "spec/libraries/redis_helper_spec.rb": 9.945889711380005,
  "spec/libraries/sentinel_helper_spec.rb": 6.6777966022491455
}