{
  "spec/chef/recipes/add_trusted_certs_spec.rb": 15.014217138290405,
  "spec/chef/recipes/default_spec.rb": 25.797874212265015,
  "spec/chef/recipes/gitlab-workhorse_spec.rb": 47.07866048812866,
  "spec/chef/recipes/mattermost_spec.rb": 39.60314607620239,
  "spec/chef/recipes/rake-attack_spec.rb": 52.66459655761719,
  "spec/chef/recipes/sidekiq_spec.rb": 12.243820905685425,
  "spec/gitlab/build_iteration_spec.rb": 0.12339901924133301,
  "spec/libraries/helper_spec.rb": 64.0128448009491,
  "spec/libraries/redis_uri_spec.rb": 0.0715932846069336,
  "spec/libraries/storage_directory_helper_spec.rb": 0.08165669441223145
}