{
  "spec/chef/recipes/config_spec.rb": 33.08198881149292,
  "spec/chef/recipes/gitlab-rails_spec.rb": 469.34673738479614,
  "spec/chef/recipes/logrotate_folders_and_configs_spec.rb": 46.976298809051514,
  "spec/chef/recipes/nginx_spec.rb": 96.51494979858398,
  "spec/chef/recipes/redis_spec.rb": 18.689066648483276,
  "spec/chef/recipes/ssh_keys_spec.rb": 0.2772367000579834,
  "spec/gitlab/package_repository_spec.rb": 0.24581193923950195,
  "spec/libraries/redis_helper_spec.rb": 9.945889711380005,
  "spec/libraries/sentinel_helper_spec.rb": 6.6777966022491455
}