{
  "spec/chef/recipes/database_migrations_spec.rb": 12.477824449539185,
  "spec/chef/recipes/gitlab-shell_spec.rb": 112.22583055496216,
  "spec/chef/recipes/logrotate_spec.rb": 48.107667684555054,
  "spec/chef/recipes/postgresql_spec.rb": 62.66810989379883,
  "spec/chef/recipes/registry_spec.rb": 83.785728931427,
  "spec/chef/secrets_spec.rb": 140.76321172714233,
  "spec/gitlab/version_spec.rb": 0.03756213188171387,
  "spec/libraries/redis_spec.rb": 23.611618518829346,
  "spec/libraries/ssh_keygen_spec.rb": 0.03576493263244629
}