{
  "spec/chef/recipes/config_spec.rb": 18.23712944984436,
  "spec/chef/recipes/gitlab-rails_spec.rb": 314.96161103248596,
  "spec/chef/recipes/logrotate_folders_and_configs_spec.rb": 34.519460678100586,
  "spec/chef/recipes/nginx_spec.rb": 70.51182651519775,
  "spec/chef/recipes/redis_spec.rb": 14.528799533843994,
  "spec/chef/recipes/ssh_keys_spec.rb": 0.21468567848205566,
  "spec/gitlab/package_repository_spec.rb": 0.09304094314575195,
  "spec/libraries/redis_helper_spec.rb": 9.323545217514038,
  "spec/libraries/sentinel_helper_spec.rb": 9.116468906402588
}