{
  "spec/chef/recipes/add_trusted_certs_spec.rb": 15.146920442581177,
  "spec/chef/recipes/default_spec.rb": 21.89231276512146,
  "spec/chef/recipes/gitlab-workhorse_spec.rb": 45.48530292510986,
  "spec/chef/recipes/mattermost_spec.rb": 41.29147911071777,
  "spec/chef/recipes/rake-attack_spec.rb": 38.649800062179565,
  "spec/chef/recipes/sidekiq_spec.rb": 10.445053100585938,
  "spec/gitlab/build_iteration_spec.rb": 0.022420883178710938,
  "spec/libraries/helper_spec.rb": 57.622413873672485,
  "spec/libraries/redis_uri_spec.rb": 0.04601883888244629,
  "spec/libraries/storage_directory_helper_spec.rb": 0.0850820541381836
}