{
  "spec/chef/recipes/add_trusted_certs_spec.rb": 18.073068380355835,
  "spec/chef/recipes/default_spec.rb": 31.567885637283325,
  "spec/chef/recipes/gitlab-workhorse_spec.rb": 49.62179970741272,
  "spec/chef/recipes/mattermost_spec.rb": 40.78229069709778,
  "spec/chef/recipes/rake-attack_spec.rb": 49.56499099731445,
  "spec/chef/recipes/sidekiq_spec.rb": 10.702372312545776,
  "spec/gitlab/build_iteration_spec.rb": 0.028423547744750977,
  "spec/libraries/helper_spec.rb": 69.30500173568726,
  "spec/libraries/redis_uri_spec.rb": 0.06855344772338867,
  "spec/libraries/storage_directory_helper_spec.rb": 0.08339810371398926
}