{
  "spec/chef/recipes/config_spec.rb": 20.518240451812744,
  "spec/chef/recipes/gitlab-rails_spec.rb": 315.6229591369629,
  "spec/chef/recipes/logrotate_folders_and_configs_spec.rb": 35.83843779563904,
  "spec/chef/recipes/nginx_spec.rb": 61.06388521194458,
  "spec/chef/recipes/redis_spec.rb": 13.392881631851196,
  "spec/chef/recipes/ssh_keys_spec.rb": 0.272113561630249,
  "spec/gitlab/package_repository_spec.rb": 0.08350610733032227,
  "spec/libraries/redis_helper_spec.rb": 11.321180582046509,
  "spec/libraries/sentinel_helper_spec.rb": 7.933914422988892
}