{
  "spec/chef/recipes/config_spec.rb": 18.23712944984436,
  "spec/chef/recipes/gitlab-rails_spec.rb": 314.96161103248596,
  "spec/chef/recipes/logrotate_folders_and_configs_spec.rb": 34.519460678100586,
  "spec/chef/recipes/nginx_spec.rb": 70.51182651519775,
  "spec/chef/recipes/redis_spec.rb": 14.528799533843994,
  "spec/chef/recipes/ssh_keys_spec.rb": 0.21468567848205566,
  "spec/gitlab/package_repository_spec.rb": 0.09304094314575195,
  "spec/libraries/redis_helper_spec.rb": 9.323545217514038,
  "spec/libraries/sentinel_helper_spec.rb": 9.116468906402588,
  "spec/chef/recipes/database_migrations_spec.rb": 12.477824449539185,
  "spec/chef/recipes/gitlab-shell_spec.rb": 112.22583055496216,
  "spec/chef/recipes/logrotate_spec.rb": 48.107667684555054,
  "spec/chef/recipes/postgresql_spec.rb": 62.66810989379883,
  "spec/chef/recipes/registry_spec.rb": 83.785728931427,
  "spec/chef/secrets_spec.rb": 140.76321172714233,
  "spec/gitlab/version_spec.rb": 0.03756213188171387,
  "spec/libraries/redis_spec.rb": 23.611618518829346,
  "spec/libraries/ssh_keygen_spec.rb": 0.03576493263244629,
  "spec/chef/recipes/add_trusted_certs_spec.rb": 18.073068380355835,
  "spec/chef/recipes/default_spec.rb": 31.567885637283325,
  "spec/chef/recipes/gitlab-workhorse_spec.rb": 49.62179970741272,
  "spec/chef/recipes/mattermost_spec.rb": 40.78229069709778,
  "spec/chef/recipes/rake-attack_spec.rb": 49.56499099731445,
  "spec/chef/recipes/sidekiq_spec.rb": 10.702372312545776,
  "spec/gitlab/build_iteration_spec.rb": 0.028423547744750977,
  "spec/libraries/helper_spec.rb": 69.30500173568726,
  "spec/libraries/redis_uri_spec.rb": 0.06855344772338867,
  "spec/libraries/storage_directory_helper_spec.rb": 0.08339810371398926
}