{
  "spec/chef/recipes/database_migrations_spec.rb": 10.811219930648804,
  "spec/chef/recipes/gitlab-shell_spec.rb": 148.78088998794556,
  "spec/chef/recipes/logrotate_spec.rb": 55.589412450790405,
  "spec/chef/recipes/postgresql_spec.rb": 75.16557025909424,
  "spec/chef/recipes/registry_spec.rb": 96.83526015281677,
  "spec/chef/secrets_spec.rb": 149.98714303970337,
  "spec/gitlab/version_spec.rb": 0.033107757568359375,
  "spec/libraries/redis_spec.rb": 28.66991925239563,
  "spec/libraries/ssh_keygen_spec.rb": 0.02842235565185547
}