{
  "spec/chef/recipes/config_spec.rb": 20.518240451812744,
  "spec/chef/recipes/gitlab-rails_spec.rb": 315.6229591369629,
  "spec/chef/recipes/logrotate_folders_and_configs_spec.rb": 35.83843779563904,
  "spec/chef/recipes/nginx_spec.rb": 61.06388521194458,
  "spec/chef/recipes/redis_spec.rb": 13.392881631851196,
  "spec/chef/recipes/ssh_keys_spec.rb": 0.272113561630249,
  "spec/gitlab/package_repository_spec.rb": 0.08350610733032227,
  "spec/libraries/redis_helper_spec.rb": 11.321180582046509,
  "spec/libraries/sentinel_helper_spec.rb": 7.933914422988892,
  "spec/chef/recipes/database_migrations_spec.rb": 10.811219930648804,
  "spec/chef/recipes/gitlab-shell_spec.rb": 148.78088998794556,
  "spec/chef/recipes/logrotate_spec.rb": 55.589412450790405,
  "spec/chef/recipes/postgresql_spec.rb": 75.16557025909424,
  "spec/chef/recipes/registry_spec.rb": 96.83526015281677,
  "spec/chef/secrets_spec.rb": 149.98714303970337,
  "spec/gitlab/version_spec.rb": 0.033107757568359375,
  "spec/libraries/redis_spec.rb": 28.66991925239563,
  "spec/libraries/ssh_keygen_spec.rb": 0.02842235565185547,
  "spec/chef/recipes/add_trusted_certs_spec.rb": 15.146920442581177,
  "spec/chef/recipes/default_spec.rb": 21.89231276512146,
  "spec/chef/recipes/gitlab-workhorse_spec.rb": 45.48530292510986,
  "spec/chef/recipes/mattermost_spec.rb": 41.29147911071777,
  "spec/chef/recipes/rake-attack_spec.rb": 38.649800062179565,
  "spec/chef/recipes/sidekiq_spec.rb": 10.445053100585938,
  "spec/gitlab/build_iteration_spec.rb": 0.022420883178710938,
  "spec/libraries/helper_spec.rb": 57.622413873672485,
  "spec/libraries/redis_uri_spec.rb": 0.04601883888244629,
  "spec/libraries/storage_directory_helper_spec.rb": 0.0850820541381836
}