{
  "spec/chef/recipes/database_migrations_spec.rb": 12.769164800643921,
  "spec/chef/recipes/gitlab-shell_spec.rb": 129.20156812667847,
  "spec/chef/recipes/logrotate_spec.rb": 41.458775997161865,
  "spec/chef/recipes/postgresql_spec.rb": 69.07669019699097,
  "spec/chef/recipes/registry_spec.rb": 91.88848614692688,
  "spec/chef/secrets_spec.rb": 166.15085124969482,
  "spec/gitlab/version_spec.rb": 0.06035041809082031,
  "spec/libraries/redis_spec.rb": 29.26796865463257,
  "spec/libraries/ssh_keygen_spec.rb": 0.03226518630981445
}