{
  "spec/chef/recipes/config_spec.rb": 29.378987550735474,
  "spec/chef/recipes/gitlab-rails_spec.rb": 376.1149694919586,
  "spec/chef/recipes/logrotate_folders_and_configs_spec.rb": 33.85543751716614,
  "spec/chef/recipes/nginx_spec.rb": 75.36523842811584,
  "spec/chef/recipes/redis_spec.rb": 18.907084465026855,
  "spec/chef/recipes/ssh_keys_spec.rb": 0.2447526454925537,
  "spec/gitlab/package_repository_spec.rb": 0.1460857391357422,
  "spec/libraries/redis_helper_spec.rb": 10.107556343078613,
  "spec/libraries/sentinel_helper_spec.rb": 8.226503372192383
}