{
  "spec/chef/recipes/add_trusted_certs_spec.rb": 19.481782913208008,
  "spec/chef/recipes/default_spec.rb": 32.9299852848053,
  "spec/chef/recipes/gitlab-workhorse_spec.rb": 72.44269490242004,
  "spec/chef/recipes/mattermost_spec.rb": 54.74502754211426,
  "spec/chef/recipes/rake-attack_spec.rb": 66.43247699737549,
  "spec/chef/recipes/sidekiq_spec.rb": 18.54724645614624,
  "spec/gitlab/build_iteration_spec.rb": 0.056704044342041016,
  "spec/libraries/helper_spec.rb": 92.09187436103821,
  "spec/libraries/redis_uri_spec.rb": 0.0766611099243164,
  "spec/libraries/storage_directory_helper_spec.rb": 0.16785311698913574,
  "spec/chef/recipes/database_migrations_spec.rb": 18.19300079345703,
  "spec/chef/recipes/gitlab-shell_spec.rb": 195.75647592544556,
  "spec/chef/recipes/logrotate_spec.rb": 74.15283918380737,
  "spec/chef/recipes/postgresql_spec.rb": 95.8943989276886,
  "spec/chef/recipes/registry_spec.rb": 113.71053266525269,
  "spec/chef/secrets_spec.rb": 229.59732484817505,
  "spec/gitlab/version_spec.rb": 0.07244205474853516,
  "spec/libraries/redis_spec.rb": 39.394333839416504,
  "spec/libraries/ssh_keygen_spec.rb": 0.04444074630737305,
  "spec/chef/recipes/config_spec.rb": 29.378987550735474,
  "spec/chef/recipes/gitlab-rails_spec.rb": 376.1149694919586,
  "spec/chef/recipes/logrotate_folders_and_configs_spec.rb": 33.85543751716614,
  "spec/chef/recipes/nginx_spec.rb": 75.36523842811584,
  "spec/chef/recipes/redis_spec.rb": 18.907084465026855,
  "spec/chef/recipes/ssh_keys_spec.rb": 0.2447526454925537,
  "spec/gitlab/package_repository_spec.rb": 0.1460857391357422,
  "spec/libraries/redis_helper_spec.rb": 10.107556343078613,
  "spec/libraries/sentinel_helper_spec.rb": 8.226503372192383
}