{
  "spec/chef/recipes/database_migrations_spec.rb": 18.19300079345703,
  "spec/chef/recipes/gitlab-shell_spec.rb": 195.75647592544556,
  "spec/chef/recipes/logrotate_spec.rb": 74.15283918380737,
  "spec/chef/recipes/postgresql_spec.rb": 95.8943989276886,
  "spec/chef/recipes/registry_spec.rb": 113.71053266525269,
  "spec/chef/secrets_spec.rb": 229.59732484817505,
  "spec/gitlab/version_spec.rb": 0.07244205474853516,
  "spec/libraries/redis_spec.rb": 39.394333839416504,
  "spec/libraries/ssh_keygen_spec.rb": 0.04444074630737305
}