{
  "spec/chef/recipes/config_spec.rb": 26.82803177833557,
  "spec/chef/recipes/gitlab-rails_spec.rb": 394.65404748916626,
  "spec/chef/recipes/logrotate_folders_and_configs_spec.rb": 41.17262244224548,
  "spec/chef/recipes/nginx_spec.rb": 86.37006521224976,
  "spec/chef/recipes/redis_spec.rb": 15.028921365737915,
  "spec/chef/recipes/ssh_keys_spec.rb": 0.2636232376098633,
  "spec/gitlab/package_repository_spec.rb": 0.1551957130432129,
  "spec/libraries/redis_helper_spec.rb": 11.451188325881958,
  "spec/libraries/sentinel_helper_spec.rb": 7.253507852554321
}