{
  "spec/chef/recipes/config_spec.rb": 20.535076379776,
  "spec/chef/recipes/gitlab-rails_spec.rb": 349.7649390697479,
  "spec/chef/recipes/logrotate_folders_and_configs_spec.rb": 36.22165608406067,
  "spec/chef/recipes/nginx_spec.rb": 75.86800456047058,
  "spec/chef/recipes/redis_spec.rb": 16.386802673339844,
  "spec/chef/recipes/ssh_keys_spec.rb": 0.4813544750213623,
  "spec/gitlab/package_repository_spec.rb": 0.09764671325683594,
  "spec/libraries/redis_helper_spec.rb": 10.750277042388916,
  "spec/libraries/sentinel_helper_spec.rb": 13.234760284423828
}