{
  "spec/chef/recipes/database_migrations_spec.rb": 10.532609462738037,
  "spec/chef/recipes/gitlab-shell_spec.rb": 127.18565845489502,
  "spec/chef/recipes/logrotate_spec.rb": 56.74549436569214,
  "spec/chef/recipes/postgresql_spec.rb": 84.08063817024231,
  "spec/chef/recipes/registry_spec.rb": 91.86866688728333,
  "spec/chef/secrets_spec.rb": 170.89404153823853,
  "spec/gitlab/version_spec.rb": 0.03820204734802246,
  "spec/libraries/redis_spec.rb": 32.762688398361206,
  "spec/libraries/ssh_keygen_spec.rb": 0.0382688045501709
}