{
  "spec/chef/recipes/database_migrations_spec.rb": 10.532609462738037,
  "spec/chef/recipes/gitlab-shell_spec.rb": 127.18565845489502,
  "spec/chef/recipes/logrotate_spec.rb": 56.74549436569214,
  "spec/chef/recipes/postgresql_spec.rb": 84.08063817024231,
  "spec/chef/recipes/registry_spec.rb": 91.86866688728333,
  "spec/chef/secrets_spec.rb": 170.89404153823853,
  "spec/gitlab/version_spec.rb": 0.03820204734802246,
  "spec/libraries/redis_spec.rb": 32.762688398361206,
  "spec/libraries/ssh_keygen_spec.rb": 0.0382688045501709,
  "spec/chef/recipes/config_spec.rb": 20.535076379776,
  "spec/chef/recipes/gitlab-rails_spec.rb": 349.7649390697479,
  "spec/chef/recipes/logrotate_folders_and_configs_spec.rb": 36.22165608406067,
  "spec/chef/recipes/nginx_spec.rb": 75.86800456047058,
  "spec/chef/recipes/redis_spec.rb": 16.386802673339844,
  "spec/chef/recipes/ssh_keys_spec.rb": 0.4813544750213623,
  "spec/gitlab/package_repository_spec.rb": 0.09764671325683594,
  "spec/libraries/redis_helper_spec.rb": 10.750277042388916,
  "spec/libraries/sentinel_helper_spec.rb": 13.234760284423828,
  "spec/chef/recipes/add_trusted_certs_spec.rb": 22.362239599227905,
  "spec/chef/recipes/default_spec.rb": 34.82744073867798,
  "spec/chef/recipes/gitlab-workhorse_spec.rb": 65.9810094833374,
  "spec/chef/recipes/mattermost_spec.rb": 57.53426742553711,
  "spec/chef/recipes/rake-attack_spec.rb": 60.59010672569275,
  "spec/chef/recipes/sidekiq_spec.rb": 21.37763500213623,
  "spec/gitlab/build_iteration_spec.rb": 0.15365886688232422,
  "spec/libraries/helper_spec.rb": 75.78679776191711,
  "spec/libraries/redis_uri_spec.rb": 0.0813741683959961,
  "spec/libraries/storage_directory_helper_spec.rb": 0.1069941520690918
}