{
  "spec/chef/recipes/add_trusted_certs_spec.rb": 20.709975957870483,
  "spec/chef/recipes/default_spec.rb": 36.285746574401855,
  "spec/chef/recipes/gitlab-workhorse_spec.rb": 63.55180621147156,
  "spec/chef/recipes/mattermost_spec.rb": 56.25480270385742,
  "spec/chef/recipes/rake-attack_spec.rb": 68.35082674026489,
  "spec/chef/recipes/sidekiq_spec.rb": 14.25390338897705,
  "spec/gitlab/build_iteration_spec.rb": 0.05426645278930664,
  "spec/libraries/helper_spec.rb": 89.33646821975708,
  "spec/libraries/redis_uri_spec.rb": 0.07177042961120605,
  "spec/libraries/storage_directory_helper_spec.rb": 0.09067940711975098
}