{
  "spec/chef/recipes/database_migrations_spec.rb": 12.769164800643921,
  "spec/chef/recipes/gitlab-shell_spec.rb": 129.20156812667847,
  "spec/chef/recipes/logrotate_spec.rb": 41.458775997161865,
  "spec/chef/recipes/postgresql_spec.rb": 69.07669019699097,
  "spec/chef/recipes/registry_spec.rb": 91.88848614692688,
  "spec/chef/secrets_spec.rb": 166.15085124969482,
  "spec/gitlab/version_spec.rb": 0.06035041809082031,
  "spec/libraries/redis_spec.rb": 29.26796865463257,
  "spec/libraries/ssh_keygen_spec.rb": 0.03226518630981445,
  "spec/chef/recipes/add_trusted_certs_spec.rb": 20.709975957870483,
  "spec/chef/recipes/default_spec.rb": 36.285746574401855,
  "spec/chef/recipes/gitlab-workhorse_spec.rb": 63.55180621147156,
  "spec/chef/recipes/mattermost_spec.rb": 56.25480270385742,
  "spec/chef/recipes/rake-attack_spec.rb": 68.35082674026489,
  "spec/chef/recipes/sidekiq_spec.rb": 14.25390338897705,
  "spec/gitlab/build_iteration_spec.rb": 0.05426645278930664,
  "spec/libraries/helper_spec.rb": 89.33646821975708,
  "spec/libraries/redis_uri_spec.rb": 0.07177042961120605,
  "spec/libraries/storage_directory_helper_spec.rb": 0.09067940711975098,
  "spec/chef/recipes/config_spec.rb": 26.82803177833557,
  "spec/chef/recipes/gitlab-rails_spec.rb": 394.65404748916626,
  "spec/chef/recipes/logrotate_folders_and_configs_spec.rb": 41.17262244224548,
  "spec/chef/recipes/nginx_spec.rb": 86.37006521224976,
  "spec/chef/recipes/redis_spec.rb": 15.028921365737915,
  "spec/chef/recipes/ssh_keys_spec.rb": 0.2636232376098633,
  "spec/gitlab/package_repository_spec.rb": 0.1551957130432129,
  "spec/libraries/redis_helper_spec.rb": 11.451188325881958,
  "spec/libraries/sentinel_helper_spec.rb": 7.253507852554321
}