{
  "spec/chef/recipes/add_trusted_certs_spec.rb": 19.481782913208008,
  "spec/chef/recipes/default_spec.rb": 32.9299852848053,
  "spec/chef/recipes/gitlab-workhorse_spec.rb": 72.44269490242004,
  "spec/chef/recipes/mattermost_spec.rb": 54.74502754211426,
  "spec/chef/recipes/rake-attack_spec.rb": 66.43247699737549,
  "spec/chef/recipes/sidekiq_spec.rb": 18.54724645614624,
  "spec/gitlab/build_iteration_spec.rb": 0.056704044342041016,
  "spec/libraries/helper_spec.rb": 92.09187436103821,
  "spec/libraries/redis_uri_spec.rb": 0.0766611099243164,
  "spec/libraries/storage_directory_helper_spec.rb": 0.16785311698913574
}