{
  "spec/chef/recipes/add_trusted_certs_spec.rb": 22.362239599227905,
  "spec/chef/recipes/default_spec.rb": 34.82744073867798,
  "spec/chef/recipes/gitlab-workhorse_spec.rb": 65.9810094833374,
  "spec/chef/recipes/mattermost_spec.rb": 57.53426742553711,
  "spec/chef/recipes/rake-attack_spec.rb": 60.59010672569275,
  "spec/chef/recipes/sidekiq_spec.rb": 21.37763500213623,
  "spec/gitlab/build_iteration_spec.rb": 0.15365886688232422,
  "spec/libraries/helper_spec.rb": 75.78679776191711,
  "spec/libraries/redis_uri_spec.rb": 0.0813741683959961,
  "spec/libraries/storage_directory_helper_spec.rb": 0.1069941520690918
}